spill_type,p_pre,p_post,risk_ratio,risk_diff
Recent,0.095476,0.302575,3.169117,0.207099
Historical,0.374337,0.706926,1.888477,0.332589
