model,term,log_odds,se,odds_ratio,or_ci95_lo,or_ci95_hi,p_value
H1_logit_baseline,Intercept,-2.8009390390714377,0.06979049461125275,0.06075298640307176,0.05298595457819081,0.06965856114652351,0.0
H1_logit_baseline,C(county_norm)[T.RIO BLANCO],0.7051673400714246,0.09278846418119079,2.024185383909321,1.6875908009313847,2.427914673492414,2.9674761790645563e-14
H1_logit_baseline,C(county_norm)[T.WELD],1.554510199170507,0.06725851835834479,4.732767843744075,4.148237325569938,5.399664894944376,3.4693894088687217e-118
H1_logit_baseline,C(rurality_3)[T.Suburban],0.7309288913545525,0.061861745285270074,2.0770090276182382,1.8398423168700326,2.3447479500018478,3.245220322848765e-32
H1_logit_baseline,C(rurality_3)[T.Urban],1.4201271685175372,0.03300326556769683,4.137646585178478,3.878470085462302,4.41414240321476,0.0
H1_logit_baseline,post,0.4991214333274093,0.028680723835301902,1.6472733952599856,1.557227839646303,1.7425257689637033,7.873287730897175e-68
