model,term,log_odds,se,odds_ratio,or_ci95_lo,or_ci95_hi,p_value
H2_logit_late30,Intercept,-6.076722127222007,0.5801648336111416,0.0022956893109259886,0.0007363204049889438,0.007157467559762891,1.1357660676108013e-25
H2_logit_late30,C(rurality_3)[T.Suburban],0.09288114755396955,0.5511941005914202,1.097331307007433,0.37252196010238237,3.232389298627392,0.8661828912557241
H2_logit_late30,C(rurality_3)[T.Urban],-0.2276306210600183,0.3237974768895379,0.7964183856892493,0.42220104190830504,1.502322784891718,0.482053834828331
H2_logit_late30,C(county_top3)[T.RIO BLANCO],2.0811935864953846,0.5083225347314883,8.014028644342586,2.959088904501199,21.704199226541835,4.235585273704006e-05
H2_logit_late30,C(county_top3)[T.WELD],0.21496827225663045,0.7087696638283226,1.2398225595700278,0.30905986936954666,4.973664107069089,0.7616629306774159
H2_logit_late30,post,0.7332266097940113,0.4711275012798357,2.081786896556632,0.8268075722494503,5.241650933220243,0.11963128287761152
H2_logit_late30,historical,2.01097426314417,0.5869857398164207,7.470592125542657,2.3643005155555525,23.605183156298573,0.0006126897798780262
H2_logit_late30,post:historical,-0.2556356602309915,0.5278866030637493,0.7744240708857231,0.27519002987367114,2.179340006767429,0.6281996206990301
