period,spill_type,mean,ci95_lo,ci95_hi
pre_2020,Recent,0.003650025449747956,0.0024854959745382894,0.006273169642159957
pre_2020,Historical,0.02591655592121074,0.012150209209615721,0.05470578328694269
post_2020,Recent,0.007530630122605573,0.0017926268219328936,0.03346350652468101
post_2020,Historical,0.040456188371914704,0.025302622068680933,0.06319950146182289
