period,spill_type,mean,ci95_lo,ci95_hi
pre_2020,Recent,0.003650025449747956,0.0025404601415386727,0.006059272188184192
pre_2020,Historical,0.02591655592121074,0.013634353883934755,0.053851645172780724
post_2020,Recent,0.007530630122605573,0.0016410660570943536,0.03564010877400237
post_2020,Historical,0.040456188371914704,0.02703295242154468,0.0634931766481681
