period,spill_type,mean,ci95_lo,ci95_hi
pre_2020,Recent,0.003650025449747956,0.002515977762814035,0.005803150044847581
pre_2020,Historical,0.02591655592121074,0.01191122691423331,0.05509481755496005
post_2020,Recent,0.007530630122605573,0.001718544376604829,0.03600823830791765
post_2020,Historical,0.040456188371914704,0.025170941729693648,0.06659288962193215
