rurality_3,period,mean,ci95_lo,ci95_hi
Rural,pre_2020,0.003887798248622907,0.0029556042683199775,0.0051995256265905355
Rural,post_2020,0.008272994276758368,0.0018604378913657565,0.036534247553716
Suburban,pre_2020,0.008794390580303934,0.002768392064610221,0.02118653933111694
Suburban,post_2020,0.00598459726716424,0.0012200994683101013,0.03329539939504198
Urban,pre_2020,0.0026160916783812198,0.0007827530749115677,0.007165939855301552
Urban,post_2020,0.006914194158095271,0.0014374913652922016,0.04085290397483793
