rurality_3,period,mean,ci95_lo,ci95_hi
Rural,pre_2020,0.003887798248622907,0.0029201954306646775,0.005290929890871729
Rural,post_2020,0.008272994276758368,0.0016588395889682768,0.04402714276693687
Suburban,pre_2020,0.008794390580303934,0.003147572020241316,0.027429587321676743
Suburban,post_2020,0.00598459726716424,0.0011513843411002128,0.028051466636580143
Urban,pre_2020,0.0026160916783812198,0.0009225080827111801,0.00780148498384614
Urban,post_2020,0.006914194158095271,0.0010839172565837655,0.04339323145521391
