rurality_3,period,mean,ci95_lo,ci95_hi
Rural,pre_2020,0.003887798248622907,0.0030679919400655267,0.005158258063618783
Rural,post_2020,0.008272994276758368,0.002010656808772109,0.034750333637805594
Suburban,pre_2020,0.008794390580303934,0.0027218343598768586,0.02941356977036336
Suburban,post_2020,0.00598459726716424,0.0011986503916235946,0.02778963142786654
Urban,pre_2020,0.0026160916783812198,0.0008050127112519967,0.008285192485954591
Urban,post_2020,0.006914194158095271,0.0010427455586803185,0.03557290826986488
