variant,post,post_se,post:historical,int_se
baseline,-0.219885,0.06021,0.007845,0.080962
cap180,-0.219943,0.060322,0.005602,0.080049
exclude_extreme99,-0.231604,0.061896,-0.03697,0.074799
