model,term,log_odds,se,odds_ratio,or_ci95_lo,or_ci95_hi,p_value
robust_late30_baseline,post,0.7332266097940113,0.6451911237201464,2.081786896556632,0.5878120690097504,7.372826981888675,0.25576882647996435
robust_late30_baseline,historical,2.01097426314417,0.6209592831685774,7.470592125542657,2.211993329665815,25.230522152908854,0.0012016163236690598
robust_late30_baseline,post:historical,-0.2556356602309915,0.5714802142132179,0.7744240708857231,0.2526533519690273,2.3737371259603814,0.6546426000076981
robust_late30_exclude_extreme99,post,0.1473812458516186,0.6222701402539349,1.1587956648661126,0.34223137723559804,3.9236828713928364,0.8127774454613433
robust_late30_exclude_extreme99,historical,1.8461071039779269,0.9674782757886756,6.335109534394497,0.9510864497043686,42.19764967238363,0.056370037990992924
robust_late30_exclude_extreme99,post:historical,-0.1527641510194786,0.5146385580164475,0.8583321346999365,0.3130301632946141,2.3535561100709623,0.766590384241466
